Date,Time,ZipCode,Latitude,Longitude,Category
2016-08-26,17:00,94110,37.729532,-122.519268,Drug Offense
2016-08-11,12:00,94102,37.837755,-122.474762,Vehicle Theft
2016-06-14,11:00,94103,37.722861,-122.393954,Vehicle Theft
2016-10-31,23:00,94107,37.814831,-122.518018,Drug Offense
2016-09-16,10:00,94117,37.792584,-122.500572,Vandalism
2016-03-30,12:00,94110,37.744231,-122.517444,Burglary
2016-03-10,22:00,94103,37.838044,-122.463707,Assault
2016-11-28,23:00,94110,37.743499,-122.491477,Larceny
2016-01-25,15:00,94117,37.791281,-122.433762,Burglary
2016-07-24,02:00,94107,37.725686,-122.482256,Vandalism
2016-05-20,12:00,94117,37.760159,-122.435126,Drug Offense
2016-09-07,13:00,94110,37.780974,-122.501145,Vehicle Theft
2016-08-11,20:00,94103,37.728968,-122.39112,Vehicle Theft
2016-01-16,22:00,94117,37.775413,-122.368131,Vehicle Theft
2016-12-28,08:00,94107,37.829139,-122.508411,Burglary
2016-11-13,16:00,94103,37.734703,-122.506602,Robbery
2016-03-14,04:00,94107,37.717677,-122.440125,Assault
2016-01-12,00:00,94107,37.758825,-122.464161,Assault
2016-08-14,02:00,94114,37.763723,-122.410766,Vehicle Theft
2016-08-05,05:00,94117,37.739847,-122.452906,Assault
2016-10-04,05:00,94114,37.720116,-122.51039,Larceny
2016-07-18,23:00,94117,37.782092,-122.379239,Vehicle Theft
2016-06-14,13:00,94117,37.840643,-122.460087,Assault
2016-02-09,01:00,94114,37.836801,-122.442722,Vandalism
2016-07-30,23:00,94107,37.738505,-122.45535,Burglary
2016-06-11,17:00,94102,37.750854,-122.469207,Vehicle Theft
2016-01-05,18:00,94103,37.751254,-122.516816,Vehicle Theft
2016-11-18,15:00,94114,37.76199,-122.481573,Burglary
2016-11-16,00:00,94102,37.811385,-122.513294,Vandalism
2016-12-24,08:00,94110,37.749676,-122.398505,Vandalism
2016-01-23,06:00,94102,37.81727,-122.392924,Robbery
2016-09-14,11:00,94114,37.706984,-122.366347,Larceny
2016-03-10,08:00,94103,37.837176,-122.438286,Drug Offense
2016-12-18,02:00,94107,37.715728,-122.508875,Drug Offense
2016-04-15,06:00,94114,37.799171,-122.39473,Vehicle Theft
2016-07-22,02:00,94103,37.777286,-122.414546,Burglary
2016-05-12,22:00,94114,37.818617,-122.427314,Assault
2016-02-06,19:00,94102,37.815592,-122.43851,Vehicle Theft
2016-02-11,03:00,94102,37.731437,-122.503897,Drug Offense
2016-02-05,04:00,94103,37.849095,-122.40106,Vehicle Theft
2016-01-03,04:00,94107,37.799323,-122.417568,Assault
2016-08-30,08:00,94102,37.839979,-122.465198,Larceny
2016-02-07,18:00,94102,37.742526,-122.369418,Burglary
2016-06-18,21:00,94117,37.733905,-122.367734,Larceny
2016-05-17,06:00,94102,37.752446,-122.518693,Assault
2016-09-03,03:00,94102,37.834925,-122.488825,Assault
2016-08-04,11:00,94117,37.813431,-122.504541,Vehicle Theft
2016-03-19,22:00,94107,37.765458,-122.487401,Robbery
2016-11-17,02:00,94110,37.723392,-122.485137,Drug Offense
2016-09-22,21:00,94117,37.845077,-122.426946,Burglary
2016-04-17,21:00,94103,37.845135,-122.425972,Assault
2016-02-09,11:00,94112,37.789909,-122.472166,Vehicle Theft
2016-11-03,19:00,94114,37.800339,-122.517291,Robbery
2016-11-07,01:00,94107,37.758081,-122.496314,Robbery
2016-07-13,06:00,94102,37.836834,-122.392513,Drug Offense
2016-01-16,19:00,94112,37.711296,-122.43289,Burglary
2016-02-25,20:00,94102,37.821424,-122.412806,Assault
2016-01-06,11:00,94110,37.78599,-122.361,Drug Offense
2016-01-23,09:00,94102,37.771379,-122.369448,Robbery
2016-02-16,02:00,94112,37.704505,-122.437243,Assault
2016-03-30,08:00,94102,37.768579,-122.510054,Burglary
2016-10-07,21:00,94117,37.731056,-122.370037,Burglary
2016-07-04,03:00,94107,37.823004,-122.37298,Robbery
2016-12-20,23:00,94117,37.777286,-122.472414,Robbery
2016-08-19,13:00,94114,37.845524,-122.49851,Vandalism
2016-09-07,02:00,94117,37.83704,-122.437054,Larceny
2016-10-31,18:00,94112,37.776474,-122.515529,Vandalism
2016-03-31,03:00,94107,37.82256,-122.439194,Robbery
2016-11-27,16:00,94117,37.811148,-122.504519,Larceny
2016-11-12,23:00,94103,37.788059,-122.406582,Robbery
2016-06-01,21:00,94102,37.803829,-122.408228,Burglary
2016-10-06,03:00,94107,37.80753,-122.414848,Vandalism
2016-08-11,16:00,94117,37.762831,-122.483337,Burglary
2016-01-31,21:00,94112,37.752331,-122.422852,Vandalism
2016-07-04,21:00,94114,37.741105,-122.401294,Burglary
2016-02-22,22:00,94102,37.772043,-122.399352,Robbery
2016-11-01,17:00,94103,37.809329,-122.450292,Burglary
2016-02-07,05:00,94107,37.727707,-122.370867,Assault
2016-11-13,03:00,94102,37.701685,-122.502131,Vehicle Theft
2016-11-22,04:00,94114,37.766148,-122.358475,Robbery
2016-04-27,12:00,94103,37.70547,-122.39872,Assault
2016-09-06,15:00,94102,37.782153,-122.487636,Larceny
2016-01-30,11:00,94110,37.831198,-122.423264,Vandalism
2016-05-29,20:00,94112,37.82342,-122.37551,Vehicle Theft
2016-02-21,16:00,94114,37.836887,-122.424514,Assault
2016-10-16,19:00,94110,37.789864,-122.461992,Burglary
2016-09-02,00:00,94114,37.814398,-122.394057,Robbery
2016-07-31,00:00,94103,37.736239,-122.352643,Assault
2016-10-26,06:00,94107,37.733,-122.411753,Assault
2016-10-25,00:00,94117,37.709236,-122.48484,Vandalism
2016-03-17,12:00,94102,37.756558,-122.413147,Vandalism
2016-10-27,11:00,94112,37.720633,-122.502726,Robbery
2016-09-08,01:00,94117,37.71233,-122.428719,Vandalism
2016-07-20,05:00,94114,37.749587,-122.479578,Vehicle Theft
2016-06-01,15:00,94114,37.756683,-122.442421,Robbery
2016-07-31,23:00,94102,37.813047,-122.455293,Drug Offense
2016-04-16,23:00,94110,37.800506,-122.510478,Drug Offense
2016-06-22,02:00,94117,37.746349,-122.479227,Vandalism
2016-03-31,21:00,94103,37.74521,-122.512566,Drug Offense
2016-12-22,10:00,94114,37.762468,-122.375408,Vandalism
2016-07-04,06:00,94102,37.801354,-122.354354,Robbery
2016-06-30,11:00,94112,37.822621,-122.380803,Vandalism
2016-02-04,17:00,94103,37.808081,-122.51214,Larceny
2016-12-25,16:00,94114,37.733419,-122.383496,Vehicle Theft
2016-10-05,22:00,94107,37.807496,-122.366706,Larceny
2016-10-22,20:00,94112,37.801532,-122.467954,Robbery
2016-05-23,05:00,94112,37.730952,-122.358395,Vandalism
2016-01-02,18:00,94102,37.827339,-122.435837,Larceny
2016-05-28,10:00,94112,37.810367,-122.513035,Vandalism
2016-12-29,21:00,94112,37.827141,-122.401191,Drug Offense
2016-04-13,01:00,94110,37.817825,-122.447163,Vehicle Theft
2016-05-27,10:00,94112,37.72352,-122.412517,Drug Offense
2016-08-19,10:00,94112,37.804473,-122.48236,Drug Offense
2016-04-30,14:00,94107,37.794319,-122.372784,Larceny
2016-04-21,05:00,94112,37.737371,-122.355371,Drug Offense
2016-02-09,11:00,94103,37.724703,-122.427668,Burglary
2016-03-30,20:00,94112,37.756848,-122.394776,Burglary
2016-11-06,15:00,94107,37.747635,-122.408685,Vehicle Theft
2016-01-28,09:00,94112,37.701374,-122.438877,Larceny
2016-05-02,14:00,94112,37.768045,-122.476921,Drug Offense
2016-12-24,21:00,94117,37.712787,-122.48674,Burglary
2016-10-16,01:00,94117,37.762475,-122.412478,Larceny
2016-08-31,18:00,94103,37.755915,-122.402482,Vehicle Theft
2016-05-23,09:00,94117,37.740599,-122.418216,Larceny
2016-10-01,06:00,94112,37.747926,-122.515908,Larceny
2016-01-07,00:00,94114,37.778715,-122.352134,Assault
2016-08-11,01:00,94107,37.780633,-122.420548,Vehicle Theft
2016-02-04,21:00,94102,37.844699,-122.391702,Larceny
2016-08-13,14:00,94102,37.808389,-122.457413,Drug Offense
2016-04-27,16:00,94103,37.801687,-122.49006,Robbery
2016-05-16,13:00,94102,37.816811,-122.434614,Larceny
2016-07-22,14:00,94114,37.74836,-122.495219,Robbery
2016-10-18,13:00,94103,37.755211,-122.429557,Robbery
2016-10-13,02:00,94107,37.828614,-122.407254,Vehicle Theft
2016-04-25,20:00,94117,37.724321,-122.447317,Burglary
2016-03-10,05:00,94110,37.780963,-122.464668,Drug Offense
2016-10-25,13:00,94114,37.772875,-122.457992,Assault
2016-09-23,00:00,94112,37.817555,-122.432617,Burglary
2016-12-15,07:00,94107,37.709236,-122.517689,Vandalism
2016-08-11,11:00,94117,37.753465,-122.421323,Drug Offense
2016-06-08,20:00,94107,37.833124,-122.423663,Robbery
2016-11-23,01:00,94107,37.720489,-122.417591,Burglary
2016-06-06,19:00,94103,37.820869,-122.420896,Vandalism
2016-10-07,02:00,94114,37.827356,-122.485878,Drug Offense
2016-04-07,20:00,94107,37.840712,-122.507492,Assault
2016-03-31,10:00,94103,37.808239,-122.403272,Burglary
2016-02-15,14:00,94114,37.776729,-122.418348,Robbery
2016-08-01,18:00,94112,37.806368,-122.428093,Burglary
2016-04-09,07:00,94102,37.77326,-122.462266,Burglary
2016-11-13,19:00,94117,37.796905,-122.416192,Drug Offense
2016-11-20,10:00,94110,37.849419,-122.406799,Vandalism
2016-10-27,13:00,94107,37.720976,-122.450235,Assault
2016-11-10,12:00,94117,37.775173,-122.463436,Vehicle Theft
2016-12-18,19:00,94107,37.819249,-122.373829,Vandalism
2016-06-02,07:00,94112,37.702902,-122.403118,Vandalism
2016-06-25,15:00,94112,37.819572,-122.45289,Drug Offense
2016-09-13,03:00,94110,37.706411,-122.364477,Assault
2016-06-03,19:00,94103,37.76834,-122.388331,Drug Offense
2016-09-10,05:00,94114,37.724608,-122.480769,Assault
2016-01-31,22:00,94110,37.772865,-122.465854,Assault
2016-07-12,20:00,94110,37.708796,-122.425877,Robbery
2016-01-21,15:00,94114,37.803615,-122.463971,Assault
2016-01-14,21:00,94102,37.836356,-122.426082,Vehicle Theft
2016-06-09,20:00,94112,37.841704,-122.465757,Vehicle Theft
2016-07-11,18:00,94112,37.718617,-122.468935,Robbery
2016-12-05,06:00,94107,37.827984,-122.37413,Vandalism
2016-04-30,17:00,94117,37.777691,-122.39236,Robbery
2016-06-27,23:00,94117,37.818388,-122.366272,Assault
2016-11-28,20:00,94117,37.819122,-122.496002,Vehicle Theft
2016-05-16,11:00,94107,37.837507,-122.418779,Vandalism
2016-03-13,17:00,94117,37.718398,-122.514273,Vehicle Theft
2016-02-16,09:00,94107,37.730217,-122.482996,Robbery
2016-11-01,19:00,94102,37.766021,-122.519361,Assault
2016-07-01,08:00,94102,37.786509,-122.363353,Drug Offense
2016-09-26,22:00,94102,37.755943,-122.394162,Burglary
2016-01-27,06:00,94117,37.824143,-122.391009,Vandalism
2016-07-09,05:00,94114,37.715524,-122.487672,Robbery
2016-06-28,00:00,94110,37.780755,-122.408817,Drug Offense
2016-12-02,15:00,94110,37.814251,-122.436304,Vehicle Theft
2016-11-25,20:00,94107,37.755888,-122.412883,Robbery
2016-01-06,21:00,94110,37.785116,-122.493743,Assault
2016-09-15,20:00,94107,37.80687,-122.480563,Burglary
2016-04-12,03:00,94103,37.757607,-122.443301,Drug Offense
2016-08-08,09:00,94114,37.843683,-122.418677,Robbery
2016-12-14,01:00,94114,37.737008,-122.463116,Burglary
2016-10-04,11:00,94112,37.73647,-122.493244,Robbery
2016-05-15,15:00,94112,37.734067,-122.404738,Assault
2016-08-07,04:00,94107,37.82524,-122.48754,Vandalism
2016-03-06,07:00,94110,37.848664,-122.48094,Assault
2016-01-05,10:00,94117,37.740429,-122.483392,Assault
2016-05-08,15:00,94110,37.713539,-122.388474,Larceny
2016-07-25,02:00,94110,37.721593,-122.366832,Larceny
2016-08-03,12:00,94103,37.831361,-122.37973,Burglary
2016-06-13,00:00,94107,37.826549,-122.512363,Drug Offense
2016-05-24,20:00,94110,37.846633,-122.367954,Drug Offense
2016-11-24,00:00,94114,37.783661,-122.445829,Drug Offense
2016-03-25,12:00,94112,37.832211,-122.375261,Robbery
2016-03-03,16:00,94103,37.781554,-122.350351,Vehicle Theft
2016-05-14,06:00,94103,37.834686,-122.399119,Drug Offense
2016-08-26,11:00,94110,37.773776,-122.512596,Drug Offense
2016-03-09,16:00,94103,37.813133,-122.494605,Robbery
2016-05-02,06:00,94110,37.715298,-122.366944,Vandalism
2016-07-07,03:00,94112,37.781573,-122.488096,Larceny
2016-11-05,17:00,94117,37.793563,-122.35653,Drug Offense
2016-11-01,16:00,94102,37.799663,-122.350845,Burglary
2016-06-03,15:00,94114,37.775163,-122.475658,Robbery
2016-03-08,01:00,94107,37.808046,-122.507468,Burglary
2016-07-05,05:00,94112,37.738704,-122.372195,Burglary
2016-05-09,04:00,94114,37.793701,-122.367081,Burglary
2016-09-19,17:00,94117,37.81945,-122.430665,Burglary
2016-11-11,03:00,94117,37.74947,-122.491692,Robbery
2016-01-10,01:00,94107,37.819847,-122.489452,Vehicle Theft
2016-09-18,03:00,94117,37.836743,-122.442805,Drug Offense
2016-07-08,04:00,94114,37.711158,-122.370583,Burglary
2016-10-02,17:00,94112,37.795116,-122.354637,Burglary
2016-05-29,02:00,94114,37.747046,-122.433392,Assault
2016-12-07,06:00,94117,37.805203,-122.449567,Drug Offense
2016-02-24,18:00,94112,37.839298,-122.396087,Vandalism
2016-08-03,05:00,94110,37.737337,-122.473629,Burglary
2016-07-18,06:00,94107,37.787977,-122.507628,Larceny
2016-04-08,16:00,94117,37.804408,-122.458129,Robbery
2016-03-07,22:00,94117,37.775965,-122.447781,Robbery
2016-06-14,15:00,94117,37.738646,-122.51903,Drug Offense
2016-01-03,02:00,94103,37.763206,-122.468255,Drug Offense
2016-01-05,04:00,94107,37.830168,-122.384361,Burglary
2016-11-14,15:00,94110,37.80112,-122.47094,Assault
2016-07-27,18:00,94112,37.848279,-122.426315,Burglary
2016-09-12,17:00,94117,37.726061,-122.453948,Larceny
2016-10-14,16:00,94112,37.719573,-122.421159,Larceny
2016-06-01,17:00,94102,37.719641,-122.481901,Robbery
2016-07-18,01:00,94103,37.81538,-122.394012,Robbery
2016-01-26,01:00,94114,37.843776,-122.362528,Assault
2016-09-12,19:00,94107,37.793374,-122.501378,Drug Offense
2016-08-07,07:00,94110,37.791236,-122.512363,Robbery
2016-02-06,18:00,94110,37.803219,-122.379623,Vehicle Theft
2016-08-24,22:00,94110,37.773849,-122.376928,Burglary
2016-06-08,12:00,94102,37.787304,-122.40492,Burglary
2016-08-19,00:00,94103,37.79231,-122.485911,Burglary
2016-11-28,06:00,94114,37.833775,-122.440937,Larceny
2016-12-18,08:00,94110,37.706237,-122.506822,Assault
2016-01-17,22:00,94112,37.829879,-122.379962,Robbery
2016-04-25,05:00,94110,37.747787,-122.442201,Burglary
2016-08-20,00:00,94114,37.840641,-122.463947,Assault
2016-04-12,00:00,94102,37.747828,-122.373916,Vehicle Theft
2016-08-15,07:00,94110,37.816161,-122.357813,Vandalism
2016-06-10,22:00,94103,37.813139,-122.501129,Assault
2016-04-17,11:00,94107,37.753711,-122.491136,Drug Offense
2016-08-31,10:00,94114,37.814255,-122.396382,Drug Offense
2016-02-28,09:00,94103,37.765207,-122.457625,Drug Offense
2016-07-19,20:00,94114,37.744099,-122.421338,Drug Offense
2016-09-26,00:00,94112,37.812443,-122.409297,Larceny
2016-05-28,12:00,94110,37.804734,-122.423459,Robbery
2016-09-14,13:00,94110,37.804928,-122.471789,Larceny
2016-04-09,09:00,94110,37.76607,-122.499561,Vehicle Theft
2016-12-09,08:00,94114,37.701225,-122.446999,Drug Offense
2016-01-08,11:00,94114,37.832709,-122.377722,Vandalism
2016-10-02,22:00,94107,37.771705,-122.455548,Robbery
2016-03-26,20:00,94107,37.836261,-122.374787,Burglary
2016-11-20,09:00,94117,37.725384,-122.507297,Vehicle Theft
2016-04-06,10:00,94114,37.815541,-122.480962,Vehicle Theft
2016-02-20,19:00,94107,37.846981,-122.354155,Larceny
2016-07-08,20:00,94114,37.718384,-122.449321,Assault
2016-08-30,17:00,94107,37.795417,-122.449771,Robbery
2016-07-02,14:00,94107,37.71959,-122.431353,Burglary
2016-04-10,22:00,94102,37.743263,-122.354309,Drug Offense
2016-08-09,04:00,94114,37.707926,-122.421925,Assault
2016-06-18,17:00,94117,37.785397,-122.490689,Vehicle Theft
2016-01-07,16:00,94103,37.827073,-122.355353,Robbery
2016-08-23,11:00,94110,37.81653,-122.498585,Vandalism
2016-10-05,09:00,94107,37.76648,-122.509164,Robbery
2016-05-20,09:00,94103,37.805808,-122.475203,Robbery
2016-03-25,09:00,94112,37.75957,-122.42629,Drug Offense
2016-12-10,06:00,94107,37.757463,-122.41809,Assault
2016-10-07,21:00,94102,37.840888,-122.452329,Drug Offense
2016-06-24,03:00,94107,37.802901,-122.485296,Vehicle Theft
2016-05-11,00:00,94112,37.75193,-122.503197,Vehicle Theft
2016-05-17,15:00,94117,37.727365,-122.425092,Burglary
2016-08-15,14:00,94102,37.735799,-122.449538,Assault
2016-09-25,01:00,94112,37.75503,-122.369403,Vehicle Theft
2016-07-05,04:00,94103,37.724626,-122.398558,Drug Offense
2016-03-23,20:00,94107,37.700464,-122.385011,Assault
2016-03-27,09:00,94114,37.750733,-122.40757,Drug Offense
2016-07-29,06:00,94112,37.784082,-122.479276,Vehicle Theft
2016-02-11,23:00,94103,37.767641,-122.366791,Vehicle Theft
2016-09-06,22:00,94107,37.817958,-122.352599,Burglary
2016-01-01,22:00,94102,37.797518,-122.478755,Assault
2016-06-01,06:00,94103,37.843998,-122.363854,Drug Offense
2016-10-22,20:00,94102,37.80807,-122.44043,Larceny
2016-09-29,14:00,94103,37.822234,-122.404389,Drug Offense
2016-07-25,11:00,94112,37.709116,-122.423974,Assault
2016-09-09,16:00,94112,37.823232,-122.487471,Assault
2016-02-02,08:00,94117,37.795795,-122.396981,Vehicle Theft
2016-08-03,05:00,94117,37.803589,-122.44308,Vandalism
2016-07-09,20:00,94114,37.716838,-122.392429,Assault
2016-07-15,08:00,94102,37.744404,-122.466203,Vehicle Theft
2016-06-24,02:00,94117,37.816693,-122.469912,Burglary
2016-07-14,09:00,94110,37.733627,-122.446826,Robbery
2016-01-18,20:00,94110,37.718975,-122.498213,Vehicle Theft
2016-03-16,03:00,94110,37.81292,-122.371738,Drug Offense
2016-04-10,12:00,94112,37.845209,-122.362517,Assault
2016-07-10,21:00,94112,37.814048,-122.434493,Vehicle Theft
2016-07-13,01:00,94110,37.739626,-122.396938,Vehicle Theft
2016-12-01,23:00,94102,37.815699,-122.384877,Burglary
2016-09-29,02:00,94107,37.757235,-122.438554,Drug Offense
2016-05-10,12:00,94102,37.771627,-122.410762,Burglary
2016-12-10,05:00,94110,37.70221,-122.384823,Burglary
2016-12-19,02:00,94107,37.784166,-122.425897,Assault
2016-09-25,11:00,94117,37.835094,-122.379591,Assault
2016-09-01,14:00,94103,37.774694,-122.405168,Burglary
2016-04-10,11:00,94102,37.762606,-122.416951,Vehicle Theft
2016-02-29,01:00,94112,37.765131,-122.371655,Larceny
2016-09-13,16:00,94102,37.807344,-122.380654,Assault
2016-05-25,21:00,94112,37.827505,-122.399077,Vehicle Theft
2016-04-23,02:00,94117,37.819874,-122.447383,Drug Offense
2016-04-14,22:00,94103,37.793312,-122.458567,Drug Offense
2016-04-17,02:00,94114,37.767221,-122.462042,Drug Offense
2016-06-08,21:00,94103,37.787461,-122.514108,Burglary
2016-10-13,08:00,94103,37.759173,-122.464387,Larceny
2016-01-28,18:00,94114,37.764543,-122.424456,Larceny
2016-05-12,23:00,94114,37.738957,-122.400709,Drug Offense
2016-04-19,02:00,94102,37.774316,-122.37045,Vandalism
2016-01-30,20:00,94117,37.743903,-122.442713,Burglary
2016-03-10,08:00,94112,37.758251,-122.405408,Vandalism
2016-04-22,22:00,94114,37.783488,-122.427897,Vandalism
2016-04-18,07:00,94117,37.781237,-122.350232,Vandalism
2016-09-02,07:00,94112,37.708805,-122.489569,Vehicle Theft
2016-01-10,05:00,94117,37.793113,-122.439801,Vandalism
2016-04-04,20:00,94103,37.707512,-122.51957,Vehicle Theft
2016-01-24,14:00,94114,37.75228,-122.364452,Burglary
2016-12-16,22:00,94110,37.704368,-122.481958,Larceny
2016-08-14,13:00,94114,37.705067,-122.480131,Assault
2016-10-28,16:00,94110,37.841249,-122.446668,Assault
2016-08-14,00:00,94117,37.729766,-122.424215,Robbery
2016-03-21,04:00,94102,37.728227,-122.507248,Burglary
2016-03-08,04:00,94114,37.824515,-122.352056,Robbery
2016-10-22,07:00,94102,37.793309,-122.49107,Burglary
2016-06-20,17:00,94110,37.797402,-122.401402,Vehicle Theft
2016-01-29,15:00,94112,37.816916,-122.486402,Drug Offense
2016-02-26,12:00,94117,37.840128,-122.457678,Vandalism
2016-11-16,21:00,94114,37.795063,-122.4409,Assault
2016-06-25,18:00,94117,37.767965,-122.425105,Burglary
2016-09-12,03:00,94103,37.786413,-122.36858,Robbery
2016-09-22,09:00,94102,37.773886,-122.42025,Vehicle Theft
2016-02-09,10:00,94114,37.835632,-122.450024,Vandalism
2016-03-04,17:00,94117,37.812424,-122.387981,Larceny
2016-06-29,12:00,94103,37.813357,-122.387382,Larceny
2016-09-13,16:00,94114,37.79221,-122.411435,Larceny
2016-06-10,14:00,94102,37.810169,-122.450592,Drug Offense
2016-10-28,03:00,94107,37.75294,-122.40242,Burglary
2016-03-08,12:00,94103,37.719291,-122.517064,Vehicle Theft
2016-05-19,05:00,94107,37.72884,-122.483106,Robbery
2016-12-13,00:00,94102,37.723461,-122.355778,Assault
2016-02-13,15:00,94112,37.847642,-122.373993,Larceny
2016-07-08,14:00,94117,37.76122,-122.430886,Vehicle Theft
2016-08-13,11:00,94112,37.802755,-122.477044,Robbery
2016-08-09,03:00,94103,37.80404,-122.501015,Assault
2016-12-26,18:00,94103,37.819425,-122.460564,Assault
2016-07-14,06:00,94103,37.787765,-122.430454,Vandalism
2016-09-18,06:00,94107,37.70198,-122.511054,Drug Offense
2016-08-20,04:00,94102,37.76384,-122.376368,Robbery
2016-08-02,03:00,94107,37.843389,-122.445722,Drug Offense
2016-06-05,11:00,94103,37.715035,-122.411308,Vandalism
2016-08-09,08:00,94110,37.74,-122.439572,Vehicle Theft
2016-09-18,11:00,94107,37.744297,-122.394163,Vehicle Theft
2016-06-09,07:00,94114,37.731,-122.483084,Vehicle Theft
2016-06-15,07:00,94114,37.71611,-122.513953,Vandalism
2016-04-30,13:00,94112,37.7407,-122.496465,Drug Offense
2016-04-05,21:00,94102,37.784928,-122.509197,Burglary
2016-03-28,08:00,94102,37.807139,-122.401065,Larceny
2016-03-09,00:00,94110,37.763384,-122.410995,Robbery
2016-07-13,02:00,94114,37.844227,-122.476789,Larceny
2016-01-20,21:00,94114,37.835551,-122.492948,Burglary
2016-05-20,22:00,94107,37.774981,-122.357206,Robbery
2016-08-30,10:00,94117,37.848985,-122.494936,Robbery
2016-11-20,05:00,94102,37.762631,-122.508858,Larceny
2016-07-29,15:00,94102,37.790037,-122.462703,Drug Offense
2016-12-12,19:00,94112,37.821179,-122.380708,Larceny
2016-04-25,12:00,94112,37.700411,-122.473844,Burglary
2016-05-10,06:00,94110,37.74687,-122.382307,Vandalism
2016-04-05,02:00,94117,37.739671,-122.368338,Burglary
2016-03-09,10:00,94117,37.821038,-122.355636,Drug Offense
2016-04-15,09:00,94103,37.799204,-122.509815,Vandalism
2016-10-15,00:00,94102,37.842795,-122.375543,Robbery
2016-01-09,21:00,94103,37.725514,-122.394658,Vehicle Theft
2016-09-23,03:00,94112,37.7322,-122.470351,Larceny
2016-03-08,12:00,94102,37.712962,-122.446909,Drug Offense
2016-06-02,07:00,94117,37.745833,-122.517512,Robbery
2016-01-11,23:00,94110,37.785118,-122.375743,Robbery
2016-10-19,17:00,94114,37.801879,-122.463176,Assault
2016-03-01,20:00,94102,37.833039,-122.3529,Vandalism
2016-03-03,06:00,94110,37.817251,-122.453855,Burglary
2016-02-21,13:00,94117,37.709677,-122.374549,Larceny
2016-03-23,05:00,94107,37.831662,-122.364267,Drug Offense
2016-05-18,23:00,94102,37.786425,-122.393144,Robbery
2016-08-19,03:00,94102,37.785766,-122.362378,Vehicle Theft
2016-11-06,05:00,94107,37.842927,-122.354859,Vehicle Theft
2016-05-11,10:00,94114,37.735767,-122.458463,Vandalism
2016-01-04,16:00,94103,37.823155,-122.386116,Burglary
2016-04-23,17:00,94110,37.838873,-122.366244,Burglary
2016-08-06,03:00,94117,37.762886,-122.365521,Assault
2016-09-15,15:00,94110,37.730464,-122.363187,Assault
2016-07-01,13:00,94107,37.768884,-122.387651,Robbery
2016-06-24,19:00,94107,37.794042,-122.445809,Vehicle Theft
2016-01-04,17:00,94112,37.820915,-122.492369,Vandalism
2016-08-03,03:00,94110,37.740156,-122.46232,Vehicle Theft
2016-06-26,10:00,94107,37.750888,-122.366782,Vandalism
2016-09-16,22:00,94103,37.772164,-122.395637,Burglary
2016-05-19,15:00,94112,37.833028,-122.488701,Vehicle Theft
2016-09-25,08:00,94117,37.824427,-122.37117,Vehicle Theft
2016-01-06,01:00,94107,37.849402,-122.482467,Vandalism
2016-06-26,16:00,94112,37.793815,-122.440462,Vehicle Theft
2016-12-20,21:00,94103,37.766193,-122.43581,Vandalism
2016-02-24,15:00,94117,37.846562,-122.437884,Vehicle Theft
2016-11-23,02:00,94117,37.831701,-122.378605,Vandalism
2016-07-19,17:00,94117,37.708972,-122.474481,Drug Offense
2016-06-30,10:00,94114,37.717409,-122.446881,Assault
2016-07-30,18:00,94114,37.774756,-122.392472,Burglary
2016-08-20,15:00,94114,37.843159,-122.514752,Larceny
2016-09-15,02:00,94107,37.818205,-122.460496,Assault
2016-03-14,16:00,94107,37.718341,-122.369854,Vehicle Theft
2016-04-26,09:00,94103,37.831861,-122.439448,Vehicle Theft
2016-07-27,12:00,94112,37.843903,-122.479212,Vehicle Theft
2016-10-22,01:00,94114,37.813223,-122.438833,Vehicle Theft
2016-12-22,22:00,94114,37.812906,-122.416221,Vandalism
2016-02-29,02:00,94102,37.718466,-122.438225,Burglary
2016-03-29,23:00,94102,37.786986,-122.380674,Robbery
2016-10-27,14:00,94112,37.70446,-122.495476,Assault
2016-08-19,04:00,94117,37.740789,-122.449353,Larceny
2016-09-08,23:00,94114,37.760481,-122.370635,Vehicle Theft
2016-05-02,10:00,94103,37.771589,-122.457559,Assault
2016-01-24,15:00,94114,37.721288,-122.453681,Vehicle Theft
2016-06-27,23:00,94102,37.787604,-122.351783,Larceny
2016-04-20,20:00,94117,37.791694,-122.371767,Burglary
2016-09-26,23:00,94103,37.702017,-122.453306,Vandalism
2016-04-15,05:00,94112,37.846367,-122.407128,Assault
2016-06-15,18:00,94114,37.712157,-122.482149,Robbery
2016-08-24,21:00,94103,37.849325,-122.429077,Assault
2016-01-10,19:00,94107,37.757202,-122.422398,Assault
2016-10-06,04:00,94112,37.83666,-122.373056,Drug Offense
2016-10-16,22:00,94114,37.700318,-122.491046,Larceny
2016-07-11,10:00,94114,37.830325,-122.516336,Vandalism
2016-02-02,05:00,94112,37.837174,-122.489377,Burglary
2016-01-14,23:00,94114,37.741665,-122.403002,Larceny
2016-12-13,11:00,94114,37.774734,-122.373643,Burglary
2016-03-28,08:00,94102,37.807595,-122.399354,Burglary
2016-06-05,02:00,94102,37.745525,-122.421645,Burglary
2016-11-16,18:00,94110,37.773103,-122.407487,Burglary
2016-02-03,17:00,94117,37.78197,-122.448676,Assault
2016-04-10,23:00,94110,37.809818,-122.360305,Vandalism
2016-10-11,23:00,94107,37.779292,-122.36179,Assault
2016-12-07,00:00,94103,37.793838,-122.375476,Larceny
2016-10-11,08:00,94114,37.77207,-122.431686,Burglary
2016-01-07,06:00,94112,37.731325,-122.500101,Robbery
2016-12-14,01:00,94110,37.768503,-122.447468,Robbery
2016-09-25,08:00,94107,37.70396,-122.440803,Vehicle Theft
2016-05-22,23:00,94110,37.73628,-122.506087,Larceny
2016-04-18,08:00,94110,37.79311,-122.452658,Robbery
2016-08-09,06:00,94102,37.740253,-122.377774,Vandalism
2016-03-29,21:00,94103,37.721606,-122.492113,Burglary
2016-06-07,11:00,94107,37.82201,-122.441133,Vehicle Theft
2016-06-10,22:00,94103,37.822802,-122.49817,Larceny
2016-06-04,23:00,94102,37.785431,-122.430058,Burglary
2016-09-10,18:00,94102,37.738241,-122.378442,Vandalism
2016-01-03,01:00,94117,37.796436,-122.436428,Drug Offense
2016-08-16,08:00,94102,37.808737,-122.49574,Drug Offense
2016-03-15,13:00,94102,37.841795,-122.42532,Vandalism
2016-09-29,06:00,94114,37.765988,-122.501862,Assault
2016-03-12,20:00,94107,37.788647,-122.507116,Robbery
2016-01-30,07:00,94103,37.717847,-122.450434,Robbery
2016-04-02,01:00,94107,37.795049,-122.487118,Drug Offense
2016-07-22,22:00,94117,37.83391,-122.444861,Drug Offense
2016-08-18,04:00,94102,37.703575,-122.442095,Burglary
2016-04-27,17:00,94117,37.731405,-122.48637,Robbery
2016-06-01,07:00,94107,37.792502,-122.437726,Robbery
2016-01-22,10:00,94110,37.775793,-122.504494,Larceny
2016-04-02,20:00,94112,37.777851,-122.482501,Drug Offense
2016-08-16,14:00,94107,37.795846,-122.470735,Robbery
2016-10-18,00:00,94107,37.798216,-122.458711,Burglary
2016-06-14,11:00,94107,37.781551,-122.459274,Burglary
2016-10-28,09:00,94103,37.777549,-122.376542,Burglary
2016-04-29,08:00,94114,37.808772,-122.434621,Larceny
2016-02-01,10:00,94103,37.84503,-122.458396,Vehicle Theft
2016-05-11,14:00,94117,37.750187,-122.398246,Vehicle Theft
2016-02-05,21:00,94103,37.837377,-122.36502,Drug Offense
2016-03-23,16:00,94112,37.751612,-122.366936,Vehicle Theft
2016-09-19,01:00,94117,37.822763,-122.395738,Drug Offense
2016-11-21,08:00,94117,37.740582,-122.430299,Larceny
2016-09-02,06:00,94117,37.839713,-122.396025,Burglary
2016-03-28,21:00,94114,37.835206,-122.371631,Vehicle Theft
2016-08-12,19:00,94117,37.70519,-122.485975,Vandalism
2016-11-16,11:00,94103,37.845521,-122.422374,Robbery
2016-07-11,05:00,94117,37.804576,-122.468729,Burglary
2016-07-10,06:00,94110,37.72372,-122.479284,Robbery
2016-09-06,02:00,94117,37.743388,-122.369792,Vehicle Theft
2016-02-17,22:00,94107,37.796348,-122.379633,Assault
2016-11-08,15:00,94103,37.799977,-122.35302,Robbery
2016-10-29,00:00,94110,37.717811,-122.356019,Assault
2016-09-26,22:00,94114,37.720097,-122.458383,Burglary
2016-03-12,05:00,94102,37.739977,-122.417355,Larceny
2016-08-08,04:00,94103,37.842473,-122.360577,Assault
2016-04-30,00:00,94103,37.730924,-122.467314,Robbery
2016-11-14,23:00,94107,37.767432,-122.49791,Assault
2016-06-16,19:00,94107,37.743037,-122.366256,Vehicle Theft
2016-07-10,13:00,94117,37.701653,-122.414009,Assault
2016-07-26,10:00,94107,37.822472,-122.399114,Vandalism
2016-08-29,20:00,94110,37.835204,-122.455812,Vehicle Theft
2016-08-08,17:00,94114,37.734497,-122.393507,Vehicle Theft
2016-03-31,22:00,94114,37.843127,-122.390165,Burglary
2016-02-01,20:00,94117,37.700581,-122.477191,Larceny
2016-01-15,09:00,94103,37.705354,-122.44142,Vandalism
2016-05-15,00:00,94103,37.803707,-122.39797,Larceny
2016-05-27,13:00,94114,37.828096,-122.357774,Burglary
2016-09-04,21:00,94107,37.735846,-122.385842,Vehicle Theft
2016-05-10,16:00,94107,37.845403,-122.517295,Vandalism
2016-03-25,05:00,94114,37.78435,-122.430913,Vandalism
2016-05-31,21:00,94110,37.832884,-122.374241,Vandalism
2016-04-05,19:00,94117,37.754229,-122.432468,Vehicle Theft
2016-12-21,14:00,94114,37.702071,-122.367189,Assault
2016-08-20,03:00,94112,37.835314,-122.410184,Vehicle Theft
2016-09-17,14:00,94114,37.843652,-122.360546,Vehicle Theft
2016-05-18,20:00,94112,37.756052,-122.436382,Assault
2016-08-06,08:00,94107,37.756241,-122.435896,Assault
2016-09-06,10:00,94102,37.715588,-122.389303,Vandalism
2016-01-16,20:00,94103,37.716237,-122.455274,Robbery
2016-06-05,06:00,94107,37.750795,-122.411344,Burglary
2016-01-15,02:00,94117,37.749971,-122.451412,Robbery
2016-09-28,18:00,94107,37.739168,-122.396486,Robbery
2016-07-27,18:00,94103,37.727983,-122.401258,Drug Offense
2016-06-27,07:00,94117,37.807166,-122.45763,Vehicle Theft
2016-06-30,23:00,94103,37.789311,-122.419602,Assault
2016-08-01,04:00,94112,37.769885,-122.374999,Drug Offense
2016-02-11,07:00,94107,37.783115,-122.359627,Drug Offense
2016-12-08,08:00,94114,37.772071,-122.387595,Burglary
2016-10-22,02:00,94112,37.702522,-122.494534,Assault
2016-11-17,12:00,94114,37.784439,-122.388216,Drug Offense
2016-08-12,23:00,94112,37.812817,-122.413185,Assault
2016-09-06,05:00,94103,37.813196,-122.419812,Drug Offense
2016-01-26,11:00,94110,37.789036,-122.459321,Drug Offense
2016-03-08,20:00,94110,37.743999,-122.435383,Larceny
2016-12-09,10:00,94112,37.766086,-122.359202,Vehicle Theft
2016-03-12,21:00,94110,37.742953,-122.468749,Larceny
2016-08-16,04:00,94112,37.738678,-122.476945,Vehicle Theft
2016-03-24,08:00,94117,37.723202,-122.45399,Assault
2016-07-12,23:00,94107,37.844497,-122.413545,Vandalism
2016-01-26,03:00,94112,37.77402,-122.498302,Burglary
2016-12-18,08:00,94112,37.787361,-122.501727,Larceny
2016-11-03,01:00,94117,37.735518,-122.353739,Larceny
2016-07-05,07:00,94103,37.806281,-122.489522,Burglary
2016-06-10,21:00,94103,37.830886,-122.387952,Burglary
2016-07-22,11:00,94102,37.757119,-122.366158,Assault
2016-06-12,18:00,94114,37.824031,-122.508271,Vandalism
2016-12-15,06:00,94102,37.757352,-122.376308,Robbery
2016-10-13,10:00,94114,37.831874,-122.385639,Larceny
2016-05-07,04:00,94103,37.789787,-122.409458,Larceny
2016-01-30,15:00,94103,37.822338,-122.387858,Burglary
2016-08-25,19:00,94102,37.83577,-122.50706,Assault
2016-02-04,10:00,94103,37.706231,-122.4315,Burglary
2016-12-08,09:00,94117,37.729718,-122.458005,Larceny
2016-05-20,12:00,94117,37.834242,-122.386674,Vehicle Theft
2016-02-07,13:00,94114,37.721902,-122.400873,Burglary
2016-11-13,00:00,94112,37.820588,-122.472535,Assault
2016-11-27,17:00,94102,37.84532,-122.451835,Robbery
2016-02-20,02:00,94102,37.777826,-122.458403,Vandalism
2016-02-21,08:00,94107,37.782643,-122.50727,Vandalism
2016-07-10,23:00,94107,37.778012,-122.50168,Larceny
2016-11-06,11:00,94107,37.825979,-122.395275,Burglary
2016-11-13,00:00,94103,37.795813,-122.370481,Vandalism
2016-02-15,06:00,94103,37.707866,-122.386097,Robbery
2016-04-24,15:00,94112,37.779057,-122.38803,Drug Offense
2016-10-29,22:00,94110,37.766802,-122.496038,Vehicle Theft
2016-01-31,15:00,94107,37.792933,-122.514364,Robbery
2016-01-08,19:00,94103,37.844618,-122.37428,Drug Offense
2016-05-30,23:00,94107,37.785849,-122.425023,Vandalism
2016-09-28,00:00,94102,37.80345,-122.396664,Robbery
2016-02-23,09:00,94102,37.826417,-122.412833,Drug Offense
2016-05-26,21:00,94103,37.831697,-122.448917,Burglary
2016-02-18,22:00,94114,37.739526,-122.351123,Robbery
2016-03-17,19:00,94107,37.751466,-122.486907,Vandalism
2016-05-24,20:00,94107,37.773484,-122.422232,Robbery
2016-06-10,12:00,94114,37.728445,-122.394106,Vehicle Theft
2016-06-22,13:00,94117,37.798271,-122.49483,Robbery
2016-03-03,09:00,94114,37.753402,-122.519651,Drug Offense
2016-05-29,10:00,94114,37.766504,-122.511776,Drug Offense
2016-04-23,20:00,94112,37.775905,-122.433646,Assault
2016-07-06,05:00,94110,37.767809,-122.412916,Burglary
2016-08-30,05:00,94114,37.732528,-122.418904,Burglary
2016-08-27,21:00,94117,37.844022,-122.486322,Assault
2016-01-28,12:00,94117,37.796151,-122.435562,Vehicle Theft
2016-08-18,00:00,94107,37.746914,-122.480295,Assault
2016-03-19,14:00,94103,37.731918,-122.505669,Robbery
2016-08-16,10:00,94114,37.754649,-122.51912,Drug Offense
2016-03-19,16:00,94114,37.710504,-122.409511,Assault
2016-01-03,16:00,94103,37.799332,-122.495867,Vandalism
2016-10-12,06:00,94110,37.708205,-122.471928,Drug Offense
2016-09-13,14:00,94117,37.812947,-122.378583,Burglary
2016-05-31,18:00,94112,37.747933,-122.421712,Vandalism
2016-12-29,18:00,94107,37.846191,-122.484586,Vandalism
2016-05-02,03:00,94107,37.713485,-122.500928,Vehicle Theft
2016-03-17,11:00,94103,37.754927,-122.379213,Assault
2016-10-23,22:00,94103,37.733345,-122.481394,Burglary
2016-07-12,19:00,94103,37.723806,-122.406664,Assault
2016-07-02,08:00,94103,37.737805,-122.380728,Larceny
2016-06-11,07:00,94117,37.824624,-122.414149,Larceny
2016-04-18,21:00,94103,37.817133,-122.383549,Larceny
2016-09-27,08:00,94107,37.788308,-122.374803,Vehicle Theft
2016-05-20,16:00,94114,37.778488,-122.44628,Vandalism
2016-10-04,00:00,94102,37.769044,-122.507559,Burglary
2016-04-24,19:00,94103,37.762293,-122.474908,Drug Offense
2016-06-24,20:00,94112,37.816052,-122.408027,Vandalism
2016-03-29,05:00,94102,37.782237,-122.41942,Burglary
2016-08-24,11:00,94107,37.81098,-122.371775,Burglary
2016-07-10,20:00,94112,37.755526,-122.405915,Robbery
2016-09-19,14:00,94110,37.711904,-122.462899,Robbery
2016-12-10,00:00,94102,37.757924,-122.486529,Burglary
2016-08-27,00:00,94107,37.755291,-122.434593,Larceny
2016-10-12,12:00,94102,37.799584,-122.513652,Burglary
2016-02-15,15:00,94114,37.739011,-122.430704,Assault
2016-09-08,18:00,94107,37.809598,-122.481198,Robbery
2016-02-22,01:00,94112,37.768238,-122.475047,Vehicle Theft
2016-04-24,18:00,94103,37.755568,-122.456921,Drug Offense
2016-12-10,07:00,94117,37.768183,-122.39674,Drug Offense
2016-09-29,18:00,94117,37.749443,-122.405643,Drug Offense
2016-11-25,07:00,94112,37.824693,-122.490211,Burglary
2016-03-22,13:00,94112,37.824534,-122.355661,Drug Offense
2016-12-23,05:00,94107,37.802472,-122.372595,Robbery
2016-03-05,11:00,94117,37.745475,-122.512684,Larceny
2016-12-08,00:00,94114,37.734641,-122.476696,Drug Offense
2016-11-10,15:00,94110,37.781592,-122.468021,Larceny
2016-04-20,18:00,94114,37.803105,-122.50663,Vehicle Theft
2016-01-23,15:00,94112,37.789717,-122.486789,Larceny
2016-02-21,04:00,94110,37.794201,-122.371829,Assault
2016-12-09,23:00,94117,37.810056,-122.486068,Larceny
2016-01-09,09:00,94114,37.824816,-122.467565,Vehicle Theft
2016-12-06,20:00,94110,37.763642,-122.435938,Larceny
2016-09-13,15:00,94112,37.774535,-122.373158,Assault
2016-11-01,01:00,94103,37.775953,-122.406096,Assault
2016-02-13,23:00,94102,37.704333,-122.402178,Vehicle Theft
2016-11-10,19:00,94110,37.831193,-122.519054,Burglary
2016-07-15,03:00,94107,37.753946,-122.410952,Larceny
2016-07-08,23:00,94107,37.741234,-122.469535,Larceny
2016-01-04,13:00,94110,37.840134,-122.43924,Burglary
2016-08-14,00:00,94102,37.727894,-122.40408,Vehicle Theft
2016-06-10,03:00,94117,37.765949,-122.425342,Larceny
2016-10-02,09:00,94107,37.755312,-122.353676,Drug Offense
2016-06-13,00:00,94110,37.826546,-122.435504,Vandalism
2016-09-17,04:00,94102,37.84564,-122.416836,Drug Offense
2016-10-17,15:00,94107,37.802829,-122.360266,Drug Offense
2016-02-28,01:00,94102,37.769162,-122.403659,Assault
2016-05-03,17:00,94114,37.844574,-122.507471,Larceny
2016-06-24,01:00,94114,37.827239,-122.461171,Vandalism
2016-12-11,05:00,94107,37.813617,-122.363136,Larceny
2016-10-05,03:00,94110,37.720803,-122.497007,Vandalism
2016-12-21,12:00,94103,37.828472,-122.507145,Robbery
2016-11-09,15:00,94110,37.755755,-122.396779,Robbery
2016-01-25,20:00,94107,37.71834,-122.366496,Vehicle Theft
2016-06-24,16:00,94112,37.83143,-122.405411,Assault
2016-06-08,23:00,94112,37.722848,-122.413372,Vandalism
2016-11-12,02:00,94114,37.845183,-122.514906,Burglary
2016-11-04,05:00,94103,37.762401,-122.504772,Burglary
2016-05-30,14:00,94110,37.713642,-122.386554,Vehicle Theft
2016-06-24,07:00,94112,37.811916,-122.486883,Robbery
2016-01-26,10:00,94103,37.849098,-122.503853,Larceny
2016-05-21,20:00,94102,37.733979,-122.468693,Vandalism
2016-01-06,17:00,94102,37.723686,-122.413604,Drug Offense
2016-07-22,23:00,94112,37.723242,-122.511192,Larceny
2016-11-14,11:00,94112,37.799968,-122.356553,Vehicle Theft
2016-03-22,15:00,94103,37.707992,-122.388516,Robbery
2016-03-02,01:00,94112,37.847687,-122.507713,Burglary
2016-04-01,01:00,94102,37.779016,-122.371888,Vandalism
2016-09-12,00:00,94110,37.813083,-122.386792,Drug Offense
2016-08-08,00:00,94114,37.704341,-122.433403,Burglary
2016-05-05,14:00,94110,37.729512,-122.396649,Burglary
2016-03-23,17:00,94114,37.716278,-122.489166,Vehicle Theft
2016-11-20,17:00,94102,37.83857,-122.447195,Drug Offense
2016-09-15,19:00,94103,37.828044,-122.367527,Burglary
2016-01-16,16:00,94112,37.731286,-122.426605,Drug Offense
2016-11-02,08:00,94103,37.812529,-122.353963,Vandalism
2016-01-29,10:00,94102,37.753489,-122.455973,Assault
2016-03-05,11:00,94110,37.793663,-122.387708,Burglary
2016-05-26,02:00,94110,37.814514,-122.372208,Drug Offense
2016-05-26,06:00,94102,37.721993,-122.442656,Burglary
2016-04-24,01:00,94117,37.737709,-122.395218,Larceny
2016-08-27,22:00,94117,37.785025,-122.371839,Robbery
2016-03-15,15:00,94112,37.761199,-122.435281,Larceny
2016-08-24,16:00,94114,37.810864,-122.508752,Vehicle Theft
2016-07-27,05:00,94102,37.739017,-122.350919,Larceny
2016-07-22,06:00,94102,37.768025,-122.463549,Drug Offense
2016-06-23,01:00,94107,37.720215,-122.420305,Vehicle Theft
2016-09-26,10:00,94117,37.77705,-122.423524,Burglary
2016-02-18,09:00,94117,37.717931,-122.45275,Drug Offense
2016-02-28,04:00,94110,37.800423,-122.360217,Robbery
2016-10-06,22:00,94112,37.746592,-122.410914,Burglary
2016-04-10,08:00,94102,37.788516,-122.506593,Larceny
2016-09-06,12:00,94107,37.728046,-122.386823,Larceny
2016-03-08,02:00,94107,37.798405,-122.363814,Drug Offense
2016-05-22,21:00,94102,37.826383,-122.464517,Burglary
2016-05-11,19:00,94114,37.817428,-122.486617,Assault
2016-11-16,18:00,94103,37.73529,-122.422575,Vehicle Theft
2016-03-22,04:00,94107,37.718914,-122.441937,Burglary
2016-09-19,08:00,94114,37.816635,-122.380073,Drug Offense
2016-03-03,14:00,94103,37.746367,-122.491701,Vandalism
2016-07-01,00:00,94110,37.793053,-122.414471,Burglary
2016-12-07,07:00,94110,37.779342,-122.426613,Drug Offense
2016-12-14,01:00,94112,37.807069,-122.401623,Drug Offense
2016-03-04,20:00,94107,37.793467,-122.395008,Assault
2016-01-03,21:00,94117,37.845973,-122.488465,Robbery
2016-10-06,12:00,94112,37.772898,-122.500405,Robbery
2016-12-26,16:00,94107,37.743924,-122.470246,Assault
2016-12-30,07:00,94102,37.703592,-122.414052,Vandalism
2016-08-23,04:00,94103,37.820671,-122.457938,Burglary
2016-06-07,03:00,94110,37.714361,-122.377292,Vehicle Theft
2016-10-02,18:00,94107,37.737297,-122.407468,Drug Offense
2016-04-22,02:00,94103,37.709819,-122.430618,Vehicle Theft
2016-07-18,04:00,94107,37.763228,-122.472517,Drug Offense
2016-08-31,19:00,94103,37.822136,-122.445913,Larceny
2016-04-11,02:00,94107,37.832802,-122.415646,Assault
2016-04-07,07:00,94102,37.7519,-122.442041,Robbery
2016-10-24,20:00,94107,37.763579,-122.501816,Vehicle Theft
2016-07-07,19:00,94117,37.738726,-122.47838,Larceny
2016-05-05,10:00,94112,37.748756,-122.508194,Larceny
2016-06-23,17:00,94117,37.844045,-122.457166,Drug Offense
2016-04-05,14:00,94112,37.822246,-122.441885,Vehicle Theft
2016-12-14,03:00,94103,37.825997,-122.369235,Vandalism
2016-08-25,06:00,94114,37.782888,-122.385772,Drug Offense
2016-11-02,06:00,94114,37.714099,-122.380836,Assault
2016-10-27,15:00,94117,37.740612,-122.446892,Vehicle Theft
2016-02-17,06:00,94107,37.843524,-122.499465,Burglary
2016-09-02,00:00,94110,37.721301,-122.402877,Assault
2016-11-05,21:00,94103,37.747187,-122.506764,Assault
2016-01-22,09:00,94103,37.83743,-122.36557,Vehicle Theft
2016-05-07,02:00,94114,37.76433,-122.446036,Assault
2016-03-21,20:00,94114,37.758278,-122.465676,Vandalism
2016-07-26,05:00,94117,37.715383,-122.366048,Vandalism
2016-11-23,21:00,94103,37.842689,-122.407346,Assault
2016-10-19,05:00,94103,37.756048,-122.451225,Assault
2016-11-02,18:00,94103,37.731352,-122.457001,Burglary
2016-08-16,21:00,94110,37.807684,-122.414987,Larceny
2016-07-29,17:00,94114,37.756279,-122.400823,Robbery
2016-09-24,22:00,94103,37.786991,-122.474493,Vehicle Theft
2016-12-09,06:00,94117,37.723549,-122.488483,Burglary
2016-02-17,21:00,94102,37.846564,-122.442607,Assault
2016-06-28,13:00,94103,37.826493,-122.387975,Assault
2016-03-04,03:00,94112,37.837503,-122.454079,Vandalism
2016-09-25,18:00,94110,37.717244,-122.491276,Drug Offense
2016-06-21,00:00,94114,37.843689,-122.463208,Burglary
2016-08-10,11:00,94102,37.766168,-122.400263,Robbery
2016-10-08,09:00,94102,37.799224,-122.516681,Burglary
2016-07-07,18:00,94103,37.808767,-122.480141,Drug Offense
2016-10-20,10:00,94112,37.727359,-122.490048,Burglary
2016-03-06,18:00,94117,37.727577,-122.456808,Burglary
2016-08-25,07:00,94114,37.761613,-122.463073,Larceny
2016-04-18,03:00,94114,37.796202,-122.411376,Assault
2016-07-19,13:00,94112,37.769213,-122.455272,Larceny
2016-03-18,00:00,94114,37.789068,-122.40653,Drug Offense
2016-09-12,06:00,94107,37.740036,-122.451779,Vehicle Theft
2016-05-18,07:00,94102,37.83257,-122.360225,Burglary
2016-10-04,11:00,94102,37.716939,-122.414641,Assault
2016-10-03,16:00,94112,37.786174,-122.352793,Burglary
2016-02-17,12:00,94112,37.718722,-122.352265,Larceny
2016-07-30,08:00,94107,37.772352,-122.435426,Larceny
2016-11-21,19:00,94107,37.759209,-122.407522,Robbery
2016-10-10,02:00,94110,37.796366,-122.478135,Larceny
2016-10-03,01:00,94107,37.742071,-122.41795,Vandalism
2016-04-28,18:00,94103,37.729243,-122.461366,Assault
2016-06-18,02:00,94107,37.747781,-122.481127,Vehicle Theft
2016-02-08,00:00,94114,37.81856,-122.429239,Vehicle Theft
2016-12-23,10:00,94107,37.717773,-122.492246,Larceny
2016-04-30,13:00,94107,37.804812,-122.495205,Assault
2016-01-29,15:00,94102,37.703725,-122.381289,Larceny
2016-07-06,21:00,94112,37.713738,-122.412891,Vehicle Theft
2016-07-05,01:00,94114,37.788993,-122.434316,Assault
2016-10-20,04:00,94102,37.800817,-122.420701,Larceny
2016-05-16,23:00,94110,37.832751,-122.518348,Drug Offense
2016-06-21,16:00,94103,37.784099,-122.388219,Drug Offense
2016-07-11,20:00,94112,37.821005,-122.415339,Vandalism
2016-10-22,15:00,94103,37.801228,-122.362689,Robbery
2016-10-12,14:00,94103,37.781105,-122.514055,Burglary
2016-12-29,17:00,94114,37.823726,-122.359076,Vehicle Theft
2016-01-18,01:00,94117,37.747687,-122.363454,Larceny
2016-12-22,12:00,94107,37.797817,-122.502787,Vehicle Theft
2016-05-01,00:00,94114,37.702463,-122.519355,Larceny
2016-10-16,03:00,94114,37.768174,-122.385377,Vandalism
2016-03-11,07:00,94117,37.815953,-122.491196,Larceny
2016-08-12,14:00,94110,37.833074,-122.426056,Larceny
2016-04-14,06:00,94110,37.795536,-122.35719,Robbery
2016-10-07,05:00,94102,37.710484,-122.470016,Vandalism
2016-04-08,07:00,94103,37.770404,-122.476327,Burglary
2016-07-19,18:00,94114,37.814028,-122.358638,Vandalism
2016-01-05,12:00,94107,37.845317,-122.424206,Assault
2016-07-29,16:00,94112,37.815989,-122.375969,Vehicle Theft
2016-12-05,23:00,94102,37.753394,-122.420002,Burglary
2016-10-13,19:00,94112,37.742973,-122.364073,Vandalism
2016-02-22,15:00,94107,37.740338,-122.491887,Larceny
2016-07-16,07:00,94110,37.775883,-122.450063,Vehicle Theft
2016-12-16,23:00,94112,37.724137,-122.476802,Drug Offense
2016-07-09,02:00,94117,37.776609,-122.356926,Robbery
2016-06-14,21:00,94112,37.717283,-122.446733,Drug Offense
2016-01-27,07:00,94114,37.826619,-122.465716,Assault
2016-08-11,13:00,94103,37.788816,-122.513824,Vehicle Theft
2016-01-08,09:00,94112,37.741095,-122.379196,Vehicle Theft
2016-07-29,10:00,94114,37.798164,-122.504671,Drug Offense
2016-04-05,01:00,94112,37.721911,-122.515789,Assault
2016-06-04,15:00,94102,37.712454,-122.383566,Drug Offense
2016-05-28,11:00,94102,37.833586,-122.461323,Burglary
2016-11-02,20:00,94112,37.703107,-122.350749,Larceny
2016-07-13,12:00,94102,37.843498,-122.489894,Drug Offense
2016-03-29,16:00,94114,37.835105,-122.497797,Assault
2016-10-24,06:00,94112,37.810795,-122.422711,Burglary
2016-03-18,14:00,94112,37.716327,-122.371315,Robbery
2016-11-29,05:00,94107,37.782647,-122.40488,Drug Offense
2016-07-29,20:00,94107,37.801114,-122.498585,Larceny
2016-10-24,06:00,94112,37.818416,-122.512822,Larceny
2016-03-30,18:00,94112,37.703882,-122.352312,Vehicle Theft
2016-05-20,20:00,94107,37.76975,-122.386817,Vandalism
2016-04-18,07:00,94102,37.751749,-122.514389,Robbery
2016-10-13,00:00,94110,37.814414,-122.376197,Vandalism
2016-01-18,13:00,94112,37.811851,-122.518875,Drug Offense
2016-09-15,20:00,94103,37.82948,-122.420464,Vehicle Theft
2016-10-10,14:00,94112,37.806509,-122.398982,Drug Offense
2016-11-28,04:00,94114,37.701987,-122.437233,Drug Offense
2016-01-20,12:00,94110,37.847022,-122.381105,Drug Offense
2016-09-28,07:00,94117,37.776164,-122.442857,Larceny
2016-04-08,20:00,94102,37.750896,-122.354188,Drug Offense
2016-01-03,23:00,94112,37.758447,-122.477486,Vehicle Theft
2016-01-08,05:00,94114,37.711822,-122.376024,Drug Offense
2016-01-22,04:00,94103,37.820187,-122.477544,Burglary
2016-04-27,18:00,94117,37.729069,-122.413786,Robbery
2016-11-25,15:00,94107,37.714769,-122.360353,Vandalism
2016-06-28,06:00,94114,37.785847,-122.477658,Vehicle Theft
2016-02-26,17:00,94110,37.795802,-122.370339,Robbery
2016-08-27,15:00,94114,37.707375,-122.353583,Burglary
2016-07-29,16:00,94112,37.721734,-122.471693,Robbery
2016-07-26,11:00,94112,37.779296,-122.35551,Vehicle Theft
2016-03-20,16:00,94117,37.706167,-122.48568,Drug Offense
2016-05-28,22:00,94107,37.741841,-122.439809,Burglary
2016-11-06,00:00,94103,37.80736,-122.400469,Larceny
2016-01-10,21:00,94114,37.77234,-122.509984,Vehicle Theft
2016-06-24,20:00,94107,37.743259,-122.478239,Drug Offense
2016-08-01,16:00,94107,37.726897,-122.411351,Larceny
2016-01-07,06:00,94117,37.774238,-122.392497,Larceny
2016-12-03,03:00,94103,37.737277,-122.48681,Robbery
2016-08-29,04:00,94110,37.734148,-122.446502,Vehicle Theft
2016-09-18,00:00,94107,37.746858,-122.441909,Assault
2016-08-27,10:00,94107,37.718833,-122.409775,Vandalism
2016-04-16,21:00,94107,37.741055,-122.404883,Vandalism
2016-12-22,08:00,94112,37.838083,-122.36687,Assault
2016-04-14,03:00,94110,37.715914,-122.412827,Larceny
2016-06-01,07:00,94110,37.747748,-122.428362,Burglary
2016-10-11,19:00,94112,37.830671,-122.38154,Drug Offense
2016-12-15,12:00,94112,37.801902,-122.493578,Robbery
2016-02-09,14:00,94117,37.799426,-122.474992,Drug Offense
2016-06-06,19:00,94114,37.703016,-122.453655,Vehicle Theft
2016-01-19,23:00,94110,37.831669,-122.492208,Robbery
2016-02-04,02:00,94114,37.718207,-122.371366,Vehicle Theft
2016-07-07,13:00,94102,37.789764,-122.44302,Drug Offense
2016-07-14,15:00,94110,37.790214,-122.382049,Assault
2016-12-12,08:00,94112,37.736439,-122.470379,Burglary
2016-08-29,02:00,94110,37.747432,-122.384352,Drug Offense
2016-10-07,05:00,94110,37.784869,-122.487244,Robbery
2016-04-27,05:00,94117,37.802819,-122.379674,Burglary
2016-01-21,01:00,94110,37.762819,-122.41153,Larceny
2016-05-14,11:00,94114,37.740697,-122.484188,Larceny
2016-07-08,12:00,94107,37.788641,-122.496111,Vehicle Theft
2016-08-13,02:00,94114,37.709194,-122.484968,Vandalism
2016-06-13,10:00,94117,37.822225,-122.392568,Vehicle Theft
2016-07-20,00:00,94107,37.712362,-122.409115,Drug Offense
2016-04-06,18:00,94102,37.829818,-122.481821,Larceny
2016-08-13,18:00,94107,37.800736,-122.387864,Robbery
2016-06-10,21:00,94117,37.80511,-122.353883,Burglary
2016-10-13,22:00,94107,37.837173,-122.460185,Robbery
2016-02-14,10:00,94114,37.781745,-122.425514,Vehicle Theft
2016-07-19,09:00,94110,37.735503,-122.470969,Vehicle Theft
2016-08-27,14:00,94112,37.734731,-122.396076,Vehicle Theft
2016-12-04,03:00,94103,37.734797,-122.437623,Larceny
2016-03-07,13:00,94102,37.793126,-122.366101,Vandalism
2016-08-17,08:00,94114,37.75055,-122.499805,Vandalism
2016-06-13,15:00,94102,37.799942,-122.368486,Burglary
2016-06-17,15:00,94114,37.78513,-122.467499,Robbery
2016-08-20,12:00,94110,37.706404,-122.472869,Vehicle Theft
2016-12-14,15:00,94102,37.727947,-122.50735,Assault
2016-06-12,19:00,94103,37.731723,-122.373232,Robbery
2016-08-27,15:00,94107,37.826443,-122.420053,Burglary
2016-10-10,19:00,94102,37.738686,-122.512469,Assault
2016-01-25,05:00,94112,37.829021,-122.453328,Robbery
2016-09-22,14:00,94103,37.774753,-122.507754,Robbery
2016-09-08,20:00,94117,37.815257,-122.488836,Vehicle Theft
2016-04-29,11:00,94112,37.727841,-122.514613,Vandalism
2016-02-19,15:00,94102,37.766183,-122.513136,Robbery
2016-05-21,06:00,94103,37.81485,-122.434981,Larceny
2016-05-23,00:00,94114,37.79443,-122.51437,Drug Offense
2016-02-02,20:00,94102,37.704463,-122.428376,Drug Offense
2016-06-01,20:00,94102,37.77431,-122.440522,Burglary
2016-02-25,03:00,94103,37.739099,-122.471729,Burglary
2016-09-28,15:00,94102,37.808168,-122.45155,Burglary
2016-05-23,22:00,94117,37.790155,-122.425306,Robbery
2016-05-06,14:00,94112,37.743476,-122.386565,Assault
2016-05-18,22:00,94102,37.830636,-122.398979,Vehicle Theft
2016-08-10,00:00,94117,37.827911,-122.425677,Vehicle Theft
2016-09-03,18:00,94110,37.758799,-122.519839,Drug Offense
2016-10-08,12:00,94112,37.78653,-122.512932,Vandalism
2016-07-07,22:00,94110,37.721439,-122.460252,Assault
2016-07-22,10:00,94117,37.76625,-122.519712,Assault
2016-07-18,06:00,94102,37.729785,-122.381981,Drug Offense
2016-04-09,07:00,94107,37.76508,-122.369624,Vehicle Theft
2016-05-16,07:00,94114,37.716791,-122.400659,Burglary
2016-02-26,12:00,94112,37.764934,-122.456369,Drug Offense
2016-03-08,23:00,94103,37.793303,-122.39215,Assault
2016-12-09,21:00,94102,37.763466,-122.440172,Larceny
2016-05-31,11:00,94103,37.768713,-122.511875,Larceny
2016-08-05,23:00,94107,37.809046,-122.42635,Vandalism
2016-08-17,16:00,94117,37.760776,-122.358302,Assault
2016-05-01,06:00,94103,37.706567,-122.464712,Larceny
2016-08-24,10:00,94112,37.77643,-122.40095,Robbery
2016-12-05,19:00,94117,37.745003,-122.484398,Drug Offense
2016-06-04,06:00,94103,37.787303,-122.419497,Vehicle Theft
2016-10-24,04:00,94117,37.700813,-122.490998,Assault
2016-03-02,00:00,94112,37.812035,-122.509902,Vandalism
2016-02-03,04:00,94103,37.730152,-122.365416,Vandalism
2016-02-17,06:00,94102,37.822067,-122.50233,Larceny
2016-12-21,07:00,94102,37.74501,-122.492563,Vandalism
2016-04-11,15:00,94114,37.816586,-122.382956,Robbery
2016-10-09,11:00,94103,37.736038,-122.364976,Assault
2016-12-20,00:00,94103,37.712268,-122.456033,Larceny
2016-08-30,16:00,94112,37.713075,-122.499447,Robbery
2016-08-28,23:00,94103,37.820767,-122.415508,Vandalism
2016-09-20,00:00,94112,37.727974,-122.479178,Drug Offense
2016-01-10,21:00,94110,37.844566,-122.509401,Assault
2016-07-17,01:00,94117,37.79329,-122.488529,Robbery
2016-02-11,07:00,94102,37.749876,-122.446366,Larceny
2016-09-29,00:00,94102,37.717404,-122.387007,Burglary
2016-05-22,14:00,94114,37.747559,-122.470314,Larceny
2016-02-04,21:00,94114,37.80048,-122.370591,Drug Offense
2016-03-05,19:00,94107,37.80999,-122.410559,Vehicle Theft
2016-09-15,14:00,94114,37.758993,-122.390431,Larceny
2016-03-25,12:00,94114,37.723329,-122.499812,Larceny
2016-08-05,16:00,94117,37.711362,-122.491529,Vandalism
2016-02-05,02:00,94114,37.808732,-122.484401,Robbery
2016-10-01,02:00,94112,37.739369,-122.474815,Vandalism
2016-05-31,14:00,94102,37.799659,-122.47665,Drug Offense
2016-08-21,14:00,94114,37.832157,-122.411865,Drug Offense
2016-10-03,13:00,94112,37.73167,-122.412723,Assault
2016-06-27,09:00,94107,37.806,-122.360988,Vehicle Theft
2016-01-12,18:00,94103,37.712483,-122.422012,Vehicle Theft
2016-10-03,05:00,94110,37.802619,-122.360833,Vandalism
2016-04-13,03:00,94114,37.753429,-122.476066,Vehicle Theft
2016-02-29,08:00,94112,37.765611,-122.441468,Burglary
2016-03-28,00:00,94107,37.782839,-122.394363,Assault
2016-10-13,03:00,94107,37.761323,-122.50405,Robbery
2016-11-19,16:00,94117,37.761641,-122.373877,Vehicle Theft
2016-07-04,23:00,94114,37.700607,-122.460442,Robbery
2016-09-16,14:00,94107,37.838251,-122.42341,Burglary
2016-05-24,14:00,94117,37.728138,-122.392609,Burglary
2016-11-04,11:00,94107,37.766433,-122.363408,Larceny
2016-09-26,14:00,94117,37.767714,-122.443343,Assault
2016-12-15,19:00,94107,37.83267,-122.489241,Vehicle Theft
2016-01-23,19:00,94110,37.734387,-122.461238,Vehicle Theft
2016-02-13,00:00,94107,37.705678,-122.398156,Vandalism
2016-02-11,20:00,94117,37.799185,-122.474655,Robbery
2016-11-15,04:00,94112,37.784935,-122.358985,Assault
2016-06-02,05:00,94107,37.761212,-122.37602,Drug Offense
2016-02-10,16:00,94102,37.77204,-122.512365,Vehicle Theft
2016-09-30,10:00,94107,37.845247,-122.517273,Robbery
2016-06-08,08:00,94107,37.787426,-122.395887,Vandalism
2016-10-14,09:00,94114,37.778635,-122.5187,Vandalism
2016-02-23,06:00,94110,37.811534,-122.463048,Larceny
2016-08-30,01:00,94102,37.736748,-122.378464,Burglary
2016-06-06,01:00,94110,37.839032,-122.432771,Drug Offense
2016-05-25,19:00,94114,37.722134,-122.391328,Drug Offense
2016-07-23,21:00,94102,37.806065,-122.427759,Drug Offense
2016-07-07,02:00,94114,37.804733,-122.394066,Vandalism
2016-03-21,10:00,94102,37.792619,-122.462527,Vehicle Theft
2016-04-18,22:00,94103,37.798617,-122.411691,Robbery
2016-06-28,05:00,94102,37.847364,-122.381997,Robbery
2016-09-24,08:00,94112,37.722092,-122.517585,Vehicle Theft
2016-02-01,14:00,94114,37.808665,-122.354175,Burglary
2016-11-27,14:00,94112,37.818468,-122.505639,Drug Offense
2016-09-14,20:00,94114,37.733193,-122.495033,Larceny
2016-05-02,21:00,94114,37.747106,-122.472774,Vandalism
2016-07-07,06:00,94117,37.765822,-122.402168,Vehicle Theft
2016-08-31,05:00,94112,37.734892,-122.461922,Larceny
2016-09-16,17:00,94112,37.717389,-122.355097,Robbery
2016-11-04,08:00,94117,37.831738,-122.452362,Burglary
2016-07-22,03:00,94103,37.805589,-122.490326,Drug Offense
2016-09-12,17:00,94107,37.757229,-122.357625,Drug Offense
2016-10-17,06:00,94107,37.749403,-122.497896,Drug Offense
2016-07-17,14:00,94117,37.782143,-122.491329,Assault
2016-01-30,10:00,94114,37.778328,-122.481814,Drug Offense
2016-09-27,17:00,94110,37.718938,-122.4983,Assault
2016-10-22,05:00,94112,37.824788,-122.405088,Assault
2016-10-14,03:00,94103,37.767824,-122.37509,Larceny
2016-09-12,16:00,94107,37.794956,-122.46384,Vehicle Theft
2016-10-18,14:00,94103,37.796578,-122.448472,Larceny
2016-08-16,04:00,94114,37.792027,-122.450641,Robbery
2016-06-23,17:00,94110,37.812703,-122.408348,Assault
2016-05-22,07:00,94103,37.748328,-122.394694,Larceny
2016-07-01,03:00,94110,37.702954,-122.511416,Robbery
2016-04-16,14:00,94102,37.838488,-122.475112,Vehicle Theft
2016-10-07,22:00,94110,37.757547,-122.418688,Vandalism
2016-01-22,04:00,94114,37.827009,-122.412833,Burglary
2016-07-08,16:00,94102,37.842456,-122.350662,Burglary
